Player,Tm,G,GS,CG,SHO,IP,H,ER,K,BB,HR,W,L,SV,BS,HLD,ERA,WHIPA.J. Cole,WAS,4,2,0,0,10.1,16,15,10,6,6,1,1,0,0,0,13.06,2.13A.J. Minter,ATL,65,0,0,0,61.1,57,22,69,22,3,4,3,15,2,12,3.23,1.29Aaron Loup,PHI,9,0,0,0,4,4,2,2,1,0,0,0,0,0,2,4.5,1.25Aaron Nola,PHI,33,33,0,0,212.1,149,56,224,58,17,17,6,0,0,0,2.37,0.97Aaron Wilkerson,MIL,3,1,0,0,9,12,10,10,3,4,0,1,0,0,0,10,1.67Adam Cimber,SD,42,0,0,0,48.1,42,17,51,10,2,3,5,0,1,5,3.17,1.08Adam Conley,MIA,52,0,0,0,50.2,37,23,50,18,5,3,4,3,2,16,4.09,1.09Adam Liberatore,LAD,17,0,0,0,13,10,4,12,8,1,2,1,0,1,1,2.77,1.38Adam McCreery,ATL,1,0,0,0,1,4,2,2,0,0,0,0,0,0,0,18,4Adam Morgan,PHI,67,0,0,0,49.1,49,21,50,22,5,0,2,1,3,14,3.83,1.44Adam Ottavino,COL,75,0,0,0,77.2,41,21,112,36,5,6,4,6,5,34,2.43,0.99Adam Wainwright,STL,8,8,0,0,40.1,41,20,40,18,5,2,4,0,0,0,4.46,1.46Adrian Houser,MIL,7,0,0,0,13.2,13,5,8,7,0,0,0,0,0,0,3.29,1.46AJ Ramos,NYM,28,0,0,0,19.2,17,14,22,15,3,2,2,0,0,7,6.41,1.63Alec Asher,MIL,2,0,0,0,3,2,0,2,1,0,0,0,0,0,0,0,1Alec Mills,CHC,7,2,0,0,18,11,8,23,7,1,0,1,0,0,0,4,1Alex McRae,PIT,2,0,0,0,6.1,8,4,5,5,0,0,1,0,0,0,5.68,2.05Alex Reyes,STL,1,1,0,0,4,3,0,2,2,0,0,0,0,0,0,0,1.25Alex Wood,LAD,33,27,0,0,151.2,143,62,135,40,14,9,7,0,0,1,3.68,1.21Allen Webster,CHC,3,0,0,0,3,2,2,3,1,1,1,0,0,0,0,6,1Amir Garrett,CIN,66,0,0,0,63,56,30,71,25,8,1,2,0,2,21,4.29,1.29Andrew Chafin,ARI,77,0,0,0,49.1,41,17,53,25,0,1,6,0,0,17,3.1,1.34Andrew Suarez,SF,29,29,0,0,160.1,163,80,130,45,23,7,13,0,0,0,4.49,1.3Anibal Sanchez,ATL,25,24,0,0,136.2,106,43,135,42,15,7,6,0,0,0,2.83,1.08Anthony Bass,CHC,16,0,0,0,15.1,18,5,14,3,1,0,0,0,0,3,2.93,1.37Anthony DeSclafani,CIN,21,21,0,0,115,118,63,108,30,24,7,8,0,0,0,4.93,1.29Anthony Swarzak,NYM,29,0,0,0,26.1,28,18,31,14,6,0,2,4,1,2,6.15,1.59Antonio Senzatela,COL,23,13,0,0,90.1,94,44,69,30,10,6,6,0,0,0,4.38,1.37Archie Bradley,ARI,76,0,0,0,71.2,62,29,75,20,9,4,5,3,8,34,3.64,1.14Arodys Vizcaino,ATL,39,0,0,0,38.1,30,9,40,15,4,2,2,16,2,1,2.11,1.17Austen Williams,WAS,10,0,0,0,9.2,10,6,8,6,5,0,1,0,0,0,5.59,1.66Austin Adams,WAS,2,0,0,0,1,1,0,0,3,0,0,0,0,0,0,0,4Austin Brice,CIN,33,0,0,0,37.1,39,24,32,13,9,2,3,0,0,3,5.79,1.39Austin Davis,PHI,32,0,0,0,34.2,35,16,38,12,4,1,2,0,0,2,4.15,1.36Austin Gomber,STL,29,11,0,0,75,81,37,67,32,7,6,2,0,0,7,4.44,1.51Austin Voth,WAS,4,2,0,0,12.1,12,9,11,6,3,1,1,0,0,0,6.57,1.46Ben Lively,PHI,5,5,0,0,23.2,34,18,22,10,4,0,2,0,0,0,6.85,1.86Ben Meyer,MIA,13,0,0,0,19,26,22,9,14,2,0,0,0,0,0,10.42,2.11Bobby Wahl,NYM,7,0,0,0,5.1,9,6,7,4,2,0,1,0,0,2,10.13,2.44Boone Logan,MIL,16,0,0,0,10.2,15,7,14,10,3,1,0,0,0,0,5.91,2.34Brad Boxberger,ARI,60,0,0,0,53.1,44,26,71,32,9,3,7,32,8,1,4.39,1.43Brad Brach,ATL,27,0,0,0,23.2,22,4,22,9,1,1,2,1,2,8,1.52,1.31Brad Hand,SD,41,0,0,0,44.1,33,15,65,15,5,2,4,24,5,3,3.05,1.08Brad Wieck,SD,5,0,0,0,7,3,1,10,0,1,0,0,0,0,0,1.29,0.43Brad Ziegler MIA,MIA,53,0,0,0,52,49,23,37,17,7,1,5,10,1,11,3.98,1.27Brad Ziegler ARI,ARI,29,0,0,0,21.2,22,9,13,8,1,1,1,0,1,9,3.74,1.38Braden Shipley,ARI,3,0,0,0,5,4,4,3,2,0,0,0,0,0,0,7.2,1.2Brandon Finnegan,CIN,5,5,0,0,20.2,27,17,14,15,5,0,3,0,0,0,7.4,2.03Brandon Kintzler WAS,WAS,45,0,0,0,42.2,40,17,31,13,2,1,2,2,3,15,3.59,1.24Brandon Kintzler CHC,CHC,25,0,0,0,18,27,14,12,9,3,2,1,0,0,4,7,2Brandon McCarthy,ATL,15,15,0,0,78.2,94,43,65,21,15,6,3,0,0,0,4.92,1.46Brandon Morrow,CHC,35,0,0,0,30.2,24,5,31,9,2,0,0,22,2,0,1.47,1.08Brandon Woodruff,MIL,19,4,0,0,42.1,36,17,47,14,4,3,0,1,0,2,3.61,1.18Brent Suter,MIL,20,18,0,0,101.1,102,50,84,19,18,8,7,0,0,0,4.44,1.19Brett Cecil,STL,40,0,0,0,32.2,39,25,19,25,5,1,1,0,0,0,6.89,1.96Brett Graves,MIA,21,0,0,0,33.1,41,20,21,12,3,1,1,1,0,0,5.4,1.59Brett Kennedy,SD,6,6,0,0,26.2,36,20,18,12,6,1,2,0,0,0,6.75,1.8Brian Duensing,CHC,48,0,0,0,37.2,42,32,24,29,6,3,0,1,2,2,7.65,1.88Brock Stewart,LAD,9,2,0,0,17.2,23,12,14,9,4,0,1,0,1,0,6.11,1.81Brooks Pounders,COL,14,0,0,0,15.1,25,13,17,2,3,0,1,0,1,0,7.63,1.76Bryan Mitchell,SD,16,11,0,0,73,85,44,38,43,12,2,4,0,0,0,5.42,1.75Bryan Shaw,COL,61,0,0,0,54.2,70,36,54,28,9,4,6,0,5,13,5.93,1.79Bryse Wilson,ATL,3,1,0,0,7,8,5,6,6,0,1,0,0,0,0,6.43,2Bud Norris,STL,64,0,0,0,57.2,51,23,67,21,8,3,6,28,5,2,3.59,1.25Buddy Baumann,NYM,3,0,0,0,3,7,8,4,5,1,0,1,0,0,0,24,4Caleb Ferguson,LAD,29,3,0,0,49,43,19,59,12,8,7,2,2,1,5,3.49,1.12Caleb Smith,MIA,16,16,0,0,77.1,63,36,88,33,10,5,6,0,0,0,4.19,1.24Carl Edwards Jr.,CHC,58,0,0,0,52,36,15,67,32,2,3,2,0,2,23,2.6,1.31Carlos Martinez,STL,33,18,0,0,118.2,100,41,117,60,5,8,6,5,0,4,3.11,1.35Carlos Torres,WAS,10,0,0,0,9.2,9,7,9,3,3,0,0,0,0,0,6.52,1.24Casey Kelly,SF,7,3,0,0,23.2,28,8,16,5,3,0,3,0,0,0,3.04,1.39Casey Sadler,PIT,2,0,0,0,4.1,9,4,3,3,0,0,0,0,0,0,8.31,2.77Chad Bettis,COL,27,20,0,0,120.1,121,67,80,47,18,5,2,0,0,1,5.01,1.4Chad Kuhl,PIT,16,16,0,0,85,89,43,81,33,14,5,5,0,0,0,4.55,1.44Chad Sobotka,ATL,14,0,0,0,14.1,5,3,21,9,2,1,0,0,0,1,1.88,0.98Chase Anderson,MIL,30,30,0,0,158,131,69,128,57,30,9,8,0,0,0,3.93,1.19Chase Whitley,ATL,1,0,0,0,1,2,2,1,1,1,0,0,0,0,0,18,3Chasen Shreve,STL,20,0,0,0,14.2,14,5,16,9,3,1,2,0,0,3,3.07,1.57Chris Archer,PIT,10,10,0,0,52.1,53,25,60,18,8,3,3,0,0,0,4.3,1.36Chris Beck,NYM,6,0,0,0,10.1,10,6,5,9,3,0,0,0,0,0,5.23,1.84Chris Flexen,NYM,4,1,0,0,6.1,14,9,3,6,2,0,2,0,0,0,12.79,3.16Chris O'Grady,MIA,8,0,0,0,7,7,5,8,4,2,0,1,0,1,0,6.43,1.57Chris Rusin,COL,49,0,0,0,54.2,56,37,47,26,7,2,3,0,1,7,6.09,1.5Chris Stratton,SF,28,26,1,1,145,153,82,112,54,19,10,10,0,0,0,5.09,1.43Clay Buchholz,ARI,16,16,1,0,98.1,80,22,81,22,9,7,2,0,0,0,2.01,1.04Clay Holmes,PIT,11,4,0,0,26.1,30,20,21,23,2,1,3,0,1,0,6.84,2.01Clayton Kershaw,LAD,26,26,0,0,161.1,139,49,155,29,17,9,5,0,0,0,2.73,1.04Clayton Richard,SD,27,27,0,0,158.2,159,94,108,60,19,7,11,0,0,0,5.33,1.38Cody Reed,CIN,17,7,0,0,43,45,19,42,15,5,1,3,0,0,1,3.98,1.4Cole Hamels,CHC,12,12,1,0,76.1,61,20,74,23,6,4,3,0,0,0,2.36,1.1Colten Brewer,SD,11,0,0,0,9.2,15,6,10,7,0,1,0,0,0,0,5.59,2.28Corbin Burnes,MIL,30,0,0,0,38,27,11,35,11,4,7,0,1,1,3,2.61,1Corey Knebel,MIL,57,0,0,0,55.1,38,22,88,22,7,4,3,16,3,6,3.58,1.08Corey Oswalt,NYM,17,12,0,0,64.2,69,42,45,20,14,3,3,0,0,1,5.85,1.38Cory Gearrin,SF,35,0,0,0,30,33,14,31,13,5,1,1,1,2,2,4.2,1.53Cory Mazzoni,CHC,8,0,0,0,8.2,5,1,7,5,0,1,0,0,0,1,1.04,1.15Craig Stammen,SD,73,0,0,0,79,65,24,88,17,3,8,3,0,5,23,2.73,1.04D.J. Johnson,COL,7,0,0,0,6.1,6,3,9,2,0,1,0,0,0,0,4.26,1.26D.J. Snelten,SF,4,0,0,0,4.1,9,5,4,3,2,0,0,0,0,0,10.38,2.77Dakota Hudson,STL,26,0,0,0,27.1,19,8,19,18,0,4,1,0,0,11,2.63,1.35Dan Jennings,MIL,72,1,0,0,64.1,66,23,45,23,6,4,5,1,2,11,3.22,1.38Dan Straily,MIA,23,23,0,0,122.1,107,56,99,52,20,5,6,0,0,0,4.12,1.3Dan Winkler,ATL,69,0,0,0,60.1,52,23,69,20,3,4,0,2,3,23,3.43,1.19Daniel Corcino,LAD,2,0,0,0,4,2,1,1,3,0,0,0,1,0,0,2.25,1.25Daniel Hudson,LAD,40,1,0,0,46,38,21,44,18,6,3,2,0,1,3,4.11,1.22Daniel Poncedeleon,STL,11,4,0,0,33,24,10,31,13,2,0,2,1,0,0,2.73,1.12Daniel Zamora,NYM,16,0,0,0,9,6,3,16,3,1,1,0,0,0,5,3,1David Hernandez,CIN,57,0,0,0,64,46,18,65,17,6,5,2,0,6,15,2.53,0.98Dennis Santana,LAD,1,0,0,0,3.2,6,5,4,1,0,1,0,0,0,0,12.27,1.91Dereck Rodriguez,SF,21,19,0,0,118.1,98,37,89,36,9,6,4,0,0,0,2.81,1.13Derek Holland,SF,36,30,0,0,171.1,154,68,169,67,19,7,9,0,0,0,3.57,1.29Derek Law,SF,7,0,0,0,13.1,16,11,12,8,2,1,0,0,0,0,7.43,1.8Dillon Maples,CHC,9,0,0,0,5.1,7,7,9,5,2,1,0,0,0,0,11.81,2.25Dillon Peters,MIA,7,5,0,0,27.2,34,22,17,15,4,2,2,0,0,0,7.16,1.77Dominic Leone,STL,29,0,0,0,24,27,12,26,8,3,1,2,0,2,5,4.5,1.46Dovydas Neverauskas,PIT,25,0,0,0,27,30,24,27,10,9,0,0,0,1,2,8,1.48Drew Anderson,PHI,5,1,0,0,12.2,17,7,11,2,0,0,1,0,0,0,4.97,1.5Drew Gagnon,NYM,5,1,0,0,12,15,7,8,5,2,2,1,0,0,0,5.25,1.67Drew Hutchison,PHI,11,0,0,0,21.1,21,11,19,13,4,1,1,0,0,0,4.64,1.59Drew Rucinski,MIA,32,0,0,0,35.1,34,17,27,13,2,4,2,0,1,4,4.33,1.33Drew Smith,NYM,27,0,0,0,28,34,11,18,6,2,1,1,0,2,4,3.54,1.43Drew Steckenrider,MIA,71,0,0,0,64.2,55,28,74,27,7,4,4,5,5,19,3.9,1.27Duane Underwood,CHC,1,1,0,0,4,2,1,3,3,1,0,1,0,0,0,2.25,1.25Dylan Floro CIN,CIN,25,0,0,0,36.1,39,11,27,12,2,3,2,0,0,1,2.72,1.4Dylan Floro LAD,LAD,29,0,0,0,27.2,18,5,31,11,1,3,1,0,0,6,1.63,1.05Eddie Butler,CHC,8,0,0,0,17.2,16,8,11,7,1,1,1,0,0,0,4.08,1.3Edgar Santana,PIT,69,0,0,0,66.1,61,24,54,12,7,3,4,0,7,20,3.26,1.1Edubray Ramos,PHI,52,0,0,0,42.2,34,11,42,15,4,3,1,1,1,12,2.32,1.15Edward Paredes,LAD,15,0,0,0,7.2,7,5,8,2,2,2,0,0,0,3,5.87,1.17Elieser Hernandez,MIA,32,6,0,0,65.2,68,38,45,27,11,2,7,0,0,2,5.21,1.45Enny Romero PIT,PIT,2,0,0,0,4,7,2,5,3,0,0,0,0,0,0,4.5,2.5Enny Romero WAS,WAS,2,0,0,0,2,5,3,2,1,1,0,0,0,0,0,13.5,3Enyel De Los Santos,PHI,7,2,0,0,19,19,10,15,8,2,1,0,0,0,0,4.74,1.42Eric Hanhold,NYM,3,0,0,0,2.1,4,2,2,1,0,0,0,0,0,0,7.71,2.14Eric Lauer,SD,23,23,0,0,112,127,54,100,46,15,6,7,0,0,0,4.34,1.54Erick Fedde,WAS,11,11,0,0,50.1,55,31,46,22,8,2,4,0,0,0,5.54,1.53Erik Goeddel,LAD,26,0,0,0,29.1,22,11,35,15,4,1,0,0,2,5,3.38,1.26Evan Phillips,ATL,4,0,0,0,6.1,6,6,3,4,3,0,0,0,0,0,8.53,1.58Felipe Vazquez,PIT,70,0,0,0,70,63,21,89,24,4,4,2,37,5,0,2.7,1.24Fernando Salas,ARI,41,0,0,0,40,40,20,30,13,5,4,4,0,0,4,4.5,1.33Freddy Peralta,MIL,16,14,0,0,78.1,49,37,96,40,8,6,4,0,0,0,4.25,1.14George Kontos,PIT,21,0,0,0,19.2,23,11,9,5,4,2,3,1,1,5,5.03,1.42German Marquez,COL,33,33,0,0,196,179,82,230,57,24,14,11,0,0,0,3.77,1.2Gerson Bautista,NYM,5,0,0,0,4.1,8,6,3,5,2,0,1,0,0,0,12.46,3Gio Gonzalez WAS,WAS,27,27,0,0,145.2,153,74,126,70,15,7,11,0,0,0,4.57,1.53Gio Gonzalez MIL,MIL,5,5,0,0,25.1,14,6,22,10,2,3,0,0,0,0,2.13,0.95Giovanny Gallegos,STL,2,0,0,0,1.1,1,0,2,0,0,0,0,0,0,0,0,0.75Greg Holland,STL,32,0,0,0,25,34,22,22,22,1,0,2,0,3,2,7.92,2.24Greg Holland,WAS,24,0,0,0,21.1,9,2,25,10,1,2,0,3,0,4,0.84,0.89Hansel Robles,NYM,16,0,0,0,19.2,21,11,23,10,7,2,2,0,0,2,5.03,1.58Harrison Musgrave,COL,35,0,0,0,44.2,36,23,32,22,7,2,3,0,0,5,4.63,1.3Hector Neris,PHI,53,0,0,0,47.2,46,27,76,16,11,1,3,11,3,4,5.1,1.3Hoby Milner,PHI,10,0,0,0,4.2,6,4,4,3,1,0,0,0,0,0,7.71,1.93Homer Bailey,CIN,20,20,1,0,106.1,141,72,75,33,23,1,14,0,0,0,6.09,1.64Hunter Strickland,SF,49,0,0,0,45.1,43,20,37,21,5,3,5,14,4,0,3.97,1.41Hyun-Jin Ryu,LAD,15,15,0,0,82.1,68,18,89,15,9,7,3,0,0,0,1.97,1.01Ivan Nova,PIT,29,29,0,0,161,171,75,114,35,26,9,9,0,0,0,4.19,1.28J.J. Hoover,MIL,2,0,0,0,1.1,4,3,0,2,1,0,1,0,1,0,20.25,4.5Jack Flaherty,STL,28,28,0,0,151,108,56,182,59,20,8,9,0,0,0,3.34,1.11Jackson Stephens,CIN,29,0,0,0,38.1,50,21,33,15,7,2,3,0,0,0,4.93,1.7Jacob Barnes,MIL,49,0,0,0,48.2,51,18,47,23,4,0,1,2,2,4,3.33,1.52Jacob deGrom,NYM,32,32,1,0,217,152,41,269,46,10,10,9,0,0,0,1.7,0.91Jacob Nix,SD,9,9,0,0,42.1,52,33,21,13,8,2,5,0,0,0,7.02,1.54Jacob Rhame,NYM,30,0,0,0,32.1,38,21,28,8,8,1,2,1,1,2,5.85,1.42Jacob Turner,MIA,4,0,0,0,5.2,13,10,2,5,1,0,0,0,0,0,15.88,3.18Jaime Garcia,CHC,8,1,0,0,7.2,6,4,4,6,0,0,1,0,0,1,4.7,1.57Jake Arrieta,PHI,31,31,0,0,172.2,165,76,138,57,21,10,11,0,0,0,3.96,1.29Jake Barrett,ARI,7,0,0,0,7,8,4,6,2,1,0,1,0,0,0,5.14,1.43Jake Diekman,ARI,24,0,0,0,14.1,18,12,18,8,2,0,1,0,0,3,7.53,1.81Jake McGee,COL,61,0,0,0,51.1,59,37,47,16,10,2,4,1,2,14,6.49,1.46Jake Thompson,PHI,9,0,0,0,16.1,14,9,14,11,1,1,0,2,0,0,4.96,1.53James Norwood,CHC,11,0,0,0,11,14,5,10,5,0,0,1,0,0,2,4.09,1.73Jameson Taillon,PIT,32,32,2,1,191,179,68,179,46,20,14,10,0,0,0,3.2,1.18Jared Hughes,CIN,72,0,0,0,78.2,57,17,59,23,4,4,3,7,4,17,1.94,1.02Jarlin Garcia,MIA,29,7,0,0,66,59,36,40,28,16,3,3,0,0,2,4.91,1.32Jason Vargas,NYM,20,20,0,0,92,100,59,84,30,18,7,9,0,0,0,5.77,1.41Javy Guerra,MIA,32,0,0,0,35.2,42,22,30,12,4,1,1,1,0,1,5.55,1.51Jeff Brigham,MIA,4,4,0,0,16.1,16,11,12,13,2,0,4,0,0,0,6.06,1.78Jeff Hoffman,COL,6,1,0,0,8.2,15,9,5,7,0,0,0,0,0,1,9.35,2.54Jeff Samardzija,SF,10,10,0,0,44.2,47,31,30,26,6,1,5,0,0,0,6.25,1.63Jefry Rodriguez,WAS,14,8,0,0,52,43,33,39,37,8,3,3,0,0,0,5.71,1.54Jen-Ho Tseng,CHC,1,1,0,0,2,4,3,3,0,1,0,0,0,0,0,13.5,2Jerad Eickhoff,PHI,3,1,0,0,5.1,10,4,11,0,1,0,1,0,0,0,6.75,1.88Jeremy Hellickson,WAS,19,19,0,0,91.1,78,35,65,20,11,5,3,0,0,0,3.45,1.07Jeremy Jeffress,MIL,73,0,0,0,76.2,49,11,89,27,5,8,1,15,5,18,1.29,0.99Jerry Blevins,NYM,64,1,0,0,42.2,36,23,41,22,6,3,2,1,0,8,4.85,1.36Jerry Vasto,COL,1,0,0,0,0.2,3,3,1,1,0,0,0,0,0,0,40.5,6Jesse Biddle,ATL,60,0,0,0,63.2,50,22,67,31,6,6,1,1,3,12,3.11,1.27Jesse Chavez,CHC,32,0,0,0,39,26,5,42,5,3,2,1,4,1,4,1.15,0.79Jesus Reyes,CIN,5,0,0,0,5.2,4,2,2,2,1,0,0,0,0,0,3.18,1.06Jeurys Familia,NYM,40,0,0,0,40.2,36,13,43,14,1,4,4,17,4,1,2.88,1.23Jhoulys Chacin,MIL,35,35,0,0,192.2,153,75,156,71,18,15,8,0,0,0,3.5,1.16Jimmie Sherfy,ARI,15,0,0,0,16.1,8,3,17,10,1,0,0,0,0,1,1.65,1.1Jimmy Cordero,WAS,22,0,0,0,19,23,12,12,12,2,1,2,0,1,0,5.68,1.84Joakim Soria,MIL,26,0,0,0,22,18,10,26,6,2,3,1,0,2,11,4.09,1.09Joe Musgrove,PIT,19,19,0,0,115.1,113,52,100,23,12,6,9,0,0,0,4.06,1.18Joe Ross,WAS,3,3,0,0,16,17,9,7,4,3,0,2,0,0,0,5.06,1.31Joey Krehbiel,ARI,2,0,0,0,3,1,0,0,2,0,0,0,0,0,0,0,1Joey Lucchesi,SD,26,26,0,0,130,125,59,145,43,23,8,9,0,0,0,4.08,1.29John Axford,LAD,5,0,0,0,3.2,8,7,4,2,0,0,0,0,0,0,17.18,2.73John Brebbia,STL,45,0,0,0,50.2,43,18,60,16,5,3,3,2,0,5,3.2,1.16John Gant,STL,26,19,0,0,114,91,44,95,57,9,7,6,0,0,0,3.47,1.3Johnny Cueto,SF,9,9,0,0,53,46,19,38,13,8,3,2,0,0,0,3.23,1.11Jon Gray,COL,31,31,0,0,172.1,180,98,183,52,27,12,9,0,0,0,5.12,1.35Jon Lester,CHC,32,32,0,0,181.2,174,67,149,64,24,18,6,0,0,0,3.32,1.31Jonny Venters,ATL,28,0,0,0,20.1,15,8,16,10,0,4,1,2,1,10,3.54,1.23Jordan Hicks,STL,73,0,0,0,77.2,59,31,70,45,2,3,4,6,7,25,3.59,1.34Jordan Lyles,SD,24,8,0,0,71.1,71,34,62,19,12,2,4,0,0,2,4.29,1.26Jordan Lyles,MIL,11,0,0,0,16.1,12,6,22,9,0,1,0,0,0,0,3.31,1.29Jorge De La Rosa,ARI,42,0,0,0,35,37,18,27,19,6,0,2,0,1,6,4.63,1.6Jorge De La Rosa,CHC,17,0,0,0,21,14,3,20,8,0,0,0,1,0,3,1.29,1.05Jorge Lopez,MIL,10,0,0,0,19.2,16,6,15,13,1,0,1,0,0,0,2.75,1.47Jose Castillo,SD,37,0,0,0,38.1,23,14,52,12,3,3,3,0,1,12,3.29,0.91Jose Quintana,CHC,32,32,0,0,174.1,162,78,158,68,25,13,11,0,0,0,4.03,1.32Jose Ramirez,ATL,7,0,0,0,6.1,9,12,7,8,0,0,2,0,0,0,17.05,2.68Jose Urena,MIA,31,31,1,0,174,155,77,130,51,19,9,12,0,0,0,3.98,1.18Jose Valdez,SF,4,0,0,0,5,8,7,4,1,3,0,0,0,0,0,12.6,1.8Josh Fields,LAD,45,0,0,0,41,28,10,33,11,4,2,2,2,1,8,2.2,0.95Josh Hader,MIL,55,0,0,0,81.1,36,22,143,30,9,6,1,12,5,22,2.43,0.81Josh Osich,SF,12,0,0,0,12,20,11,10,7,2,0,0,0,1,2,8.25,2.25Josh Ravin,ATL,2,0,0,0,3,2,2,1,2,0,0,1,0,0,0,6,1.33Josh Smoker,PIT,7,0,0,0,5.2,11,7,2,5,2,0,0,0,1,0,11.12,2.82JT Chargois,LAD,39,0,0,0,32.1,26,12,40,15,4,2,4,0,4,7,3.34,1.27Julio Teheran,ATL,31,31,0,0,175.2,122,77,162,84,26,9,9,0,0,0,3.94,1.17Julio Urias,LAD,3,0,0,0,4,1,0,7,0,0,0,0,0,0,0,0,0.25Junichi Tazawa,MIA,22,0,0,0,20,28,20,24,13,6,1,1,0,0,2,9,2.05Junior Guerra,MIL,31,26,0,0,141,143,64,136,55,19,6,9,0,0,1,4.09,1.4Justin Hancock,CHC,10,0,0,0,12.1,5,2,11,9,1,0,0,0,0,0,1.46,1.14Justin Miller,WAS,51,0,0,0,52.1,42,21,60,17,10,7,1,2,1,11,3.61,1.13Justin Wilson,CHC,71,0,0,0,54.2,45,21,69,33,5,4,5,0,3,16,3.46,1.43Kazuhisa Makita,SD,27,0,0,0,35,32,21,37,12,7,0,1,0,0,2,5.4,1.26Kelvin Herrera,WAS,21,0,0,0,18.2,24,9,16,8,4,1,2,3,0,2,4.34,1.71Kenley Jansen,LAD,69,0,0,0,71.2,54,24,82,17,13,1,5,38,4,0,3.01,0.99Kenta Maeda,LAD,39,20,0,0,125.1,115,53,153,43,13,8,10,2,0,5,3.81,1.26Keone Kela,PIT,16,0,0,0,15.1,10,5,22,5,2,0,1,0,1,4,2.93,0.98Keury Mella,CIN,4,0,0,0,9.1,13,9,8,8,4,0,0,0,0,0,8.68,2.25Kevin Gausman,ATL,10,10,0,0,59.2,50,19,44,18,5,5,3,0,0,0,2.87,1.14Kevin Quackenbush,CIN,10,0,0,0,9,13,11,7,6,3,0,1,0,0,0,11,2.11Kevin Shackelford,CIN,5,0,0,0,8,13,7,7,4,0,0,1,0,1,0,7.88,2.13Kirby Yates,SD,65,0,0,0,63,41,15,90,17,6,5,3,12,1,16,2.14,0.92Koda Glover,WAS,21,0,0,0,16.1,13,6,9,10,1,1,3,1,0,5,3.31,1.41Kolby Allard,ATL,3,1,0,0,8,19,11,3,4,3,1,1,0,0,0,12.38,2.88Kris Medlen,ARI,1,1,0,0,4,9,7,4,4,0,0,1,0,0,0,15.75,3.25Kyle Barraclough,MIA,61,0,0,0,55.2,40,26,60,34,8,1,6,10,7,10,4.2,1.33Kyle Crick,PIT,64,0,0,0,60.1,45,16,65,23,3,3,2,2,1,17,2.39,1.13Kyle Crockett,CIN,15,0,0,0,9.1,16,6,11,2,1,1,0,0,0,1,5.79,1.93Kyle Freeland,COL,33,33,0,0,202.1,182,64,173,70,17,17,7,0,0,0,2.85,1.25Kyle Hendricks,CHC,33,33,0,0,199,184,76,161,44,22,14,11,0,0,0,3.44,1.15Kyle McGowin,WAS,5,1,0,0,7.2,6,5,8,5,2,0,0,0,0,0,5.87,1.43Kyle McGrath,SD,4,0,0,0,4,3,2,4,3,2,0,0,0,0,0,4.5,1.5Kyle Wright,ATL,4,0,0,0,6,4,3,5,6,2,0,0,0,0,0,4.5,1.67Lucas Sims,ATL,6,0,0,0,10.1,12,9,10,8,2,0,0,0,1,0,7.84,1.94Lucas Sims,CIN,3,0,0,0,5.1,3,4,6,5,1,0,0,0,0,0,6.75,1.5Luis Avilan,PHI,12,0,0,0,5.2,4,2,5,4,1,0,0,0,1,0,3.18,1.41Luis Castillo,CIN,31,31,0,0,169.2,158,81,165,49,28,10,12,0,0,0,4.3,1.22Luis Garcia,PHI,59,0,0,0,46,49,31,51,18,4,3,1,1,3,13,6.07,1.46Luis Perdomo,SD,12,10,0,0,44.2,62,35,39,22,4,1,6,0,0,0,7.05,1.88Luiz Gohara,ATL,9,1,0,0,19.2,16,13,18,8,3,0,1,1,0,0,5.95,1.22Luke Farrell,CHC,20,2,0,0,31.1,30,18,39,16,7,3,4,0,1,1,5.17,1.47Luke Gregerson,STL,17,0,0,0,12.2,14,10,12,6,2,0,0,0,0,2,7.11,1.58Luke Jackson,ATL,35,0,0,0,40.2,41,20,46,21,3,1,2,1,1,3,4.43,1.52Luke Weaver,STL,30,25,0,0,136.1,150,75,121,54,19,7,11,0,0,0,4.95,1.5Madison Bumgarner,SF,21,21,0,0,129.2,118,47,109,43,14,6,7,0,0,0,3.26,1.24Mark Leiter,PHI,12,0,0,0,16.2,22,10,13,8,5,0,1,0,0,0,5.4,1.8Mark Melancon,SF,41,0,0,0,39,48,14,31,14,2,1,4,3,4,8,3.23,1.59Matt Albers,MIL,34,0,0,0,34.1,45,28,32,12,10,3,3,1,1,7,7.34,1.66Matt Andriese,ARI,14,1,0,0,19,29,19,19,7,8,0,3,0,0,0,9,1.89Matt Bowman,STL,22,0,0,0,23,29,16,26,11,4,0,2,0,2,5,6.26,1.74Matt Grace,WAS,56,0,0,0,59.2,55,19,48,13,5,1,1,0,0,8,2.87,1.14Matt Harvey CiN,CIN,24,24,0,0,128,132,64,111,28,21,7,7,0,0,0,4.5,1.25Matt Harvey NYM,NYM,8,4,0,0,27,33,21,20,9,6,0,2,0,0,0,7,1.56Matt Koch,ARI,19,14,0,0,86.2,88,40,50,22,19,5,5,0,0,0,4.15,1.27Matt Strahm,SD,41,5,0,0,61.1,39,14,69,21,6,3,4,0,0,7,2.05,0.98Matt Wisler,ATL,7,3,0,0,26.2,30,16,21,5,6,1,1,0,0,0,5.4,1.31Matt Wisler,CIN,11,0,0,0,13.1,11,3,11,2,2,0,0,0,1,0,2.03,0.98Max Fried,ATL,14,5,0,0,33.2,26,11,44,20,3,1,4,0,0,1,2.94,1.37Max Scherzer,WAS,33,33,2,1,220.2,150,62,300,51,23,18,7,0,0,0,2.53,0.91Merandy Gonzalez,MIA,8,1,0,0,22,31,14,19,8,4,2,1,0,0,0,5.73,1.77Michael Feliz,PIT,47,0,0,0,47.2,49,30,55,23,6,1,2,0,2,12,5.66,1.51Michael Lorenzen,CIN,45,3,0,0,81,78,28,54,34,6,4,2,1,1,8,3.11,1.38Michael Wacha,STL,15,15,0,0,84.1,68,30,71,36,9,8,2,0,0,0,3.2,1.23Miguel Diaz,SD,11,0,0,0,18.2,16,10,30,12,2,1,0,0,0,0,4.82,1.5Miguel Socolovich,ATL,4,0,0,0,5,8,6,4,2,0,0,1,0,0,0,10.8,2Mike Dunn,COL,25,0,0,0,17,22,17,12,18,1,0,0,0,0,5,9,2.35Mike Foltynewicz,ATL,31,31,2,1,183,130,58,202,68,17,13,10,0,0,0,2.85,1.08Mike Mayers,STL,50,0,0,0,51.2,59,27,49,15,7,2,1,1,0,6,4.7,1.43Mike Montgomery,CHC,38,19,0,0,124,131,55,86,39,10,5,6,0,0,0,3.99,1.37Mike Soroka,ATL,5,5,0,0,25.2,30,10,21,7,1,2,1,0,0,0,3.51,1.44Mike Zagurski,MIL,2,0,0,0,1,5,7,2,2,0,0,1,0,1,0,63,7Miles Mikolas,STL,32,32,1,1,200.2,186,63,146,29,16,18,4,0,0,0,2.83,1.07Nick Burdi,PIT,2,0,0,0,1.1,3,3,2,2,1,0,0,0,0,0,20.25,3.75Nick Kingham,PIT,18,15,0,0,76,79,44,69,26,18,5,7,0,0,0,5.21,1.38Nick Pivetta,PHI,33,32,0,0,164,163,87,188,51,24,7,14,0,0,0,4.77,1.3Nick Wittgren,MIA,32,0,0,0,33.2,29,11,31,15,1,2,1,0,0,4,2.94,1.31Noah Syndergaard,NYM,25,25,2,1,154.1,148,52,155,39,9,13,4,0,0,0,3.03,1.21Odrisamer Despaigne,MIA,11,1,0,0,20.1,22,12,18,8,1,2,0,0,1,0,5.31,1.48Oliver Drake,MIL,11,0,0,0,12.2,14,9,15,8,0,1,0,0,1,0,6.39,1.74P.J. Conlon,NYM,3,2,0,0,7.2,15,7,5,2,2,0,0,0,0,0,8.22,2.22Pablo Lopez,MIA,10,10,0,0,58.2,56,27,46,18,8,2,4,0,0,0,4.14,1.26Pat Neshek,PHI,30,0,0,0,24.1,23,7,15,5,2,3,2,5,1,6,2.59,1.15Pat Venditte,LAD,15,0,0,0,14,11,4,9,3,1,0,0,0,0,0,2.57,1Patrick Corbin,ARI,33,33,1,1,200,162,70,246,48,15,11,7,0,0,0,3.15,1.05Paul Sewald,NYM,46,0,0,0,56.1,62,38,58,23,8,0,7,2,2,2,6.07,1.51Pedro Baez,LAD,55,0,0,0,56.1,46,18,62,23,4,4,3,0,1,7,2.88,1.22Pedro Strop,CHC,60,0,0,0,59.2,38,15,57,21,4,6,1,13,4,9,2.26,0.99Peter Moylan,ATL,39,0,0,0,28.1,32,14,23,18,4,0,1,0,1,3,4.45,1.76Phil Hughes,SD,16,0,0,0,20.2,30,14,24,5,7,0,0,0,0,0,6.1,1.69Phil Maton,SD,45,0,0,0,47.1,50,23,55,23,3,0,2,0,1,3,4.37,1.54Pierce Johnson,SF,37,0,0,0,43.2,38,27,36,22,5,3,2,0,0,1,5.56,1.37Preston Guilmet,STL,2,0,0,0,2,7,5,3,0,2,0,1,0,0,0,22.5,3.5Raisel Iglesias,CIN,66,0,0,0,72,52,19,80,25,12,2,5,30,4,0,2.38,1.07Randall Delgado,ARI,10,0,0,0,11.1,11,6,5,6,3,2,0,0,1,0,4.76,1.5Randy Rosario,CHC,44,0,0,0,46.2,47,19,30,22,5,4,0,1,1,8,3.66,1.48Ranger Suarez,PHI,4,3,0,0,15,21,9,11,6,3,1,1,0,0,0,5.4,1.8Ray Black,SF,26,0,0,0,23.1,17,16,33,10,4,2,2,0,1,1,6.17,1.16Reyes Moronta,SF,69,0,0,0,65,34,18,79,37,4,5,2,1,5,12,2.49,1.09Rich Hill,LAD,25,24,0,0,132.2,108,54,150,41,20,11,5,0,0,0,3.66,1.12Richard Rodriguez,PIT,63,0,0,0,69.1,55,19,88,19,5,4,3,0,0,15,2.47,1.07Rob Zastryzny,CHC,6,0,0,0,5.2,6,3,3,4,0,1,0,0,0,0,4.76,1.76Robbie Erlin,SD,39,12,0,0,109,112,51,88,12,12,4,7,0,0,1,4.21,1.14Robbie Ray,ARI,24,24,0,0,123.2,97,54,165,70,19,6,2,0,0,0,3.93,1.35Robert Gsellman,NYM,68,0,0,0,80,76,38,70,28,8,6,3,13,6,16,4.28,1.3Robert Stephenson,CIN,4,3,0,0,11.2,17,12,11,12,2,0,2,0,0,0,9.26,2.49Robert Stock,SD,32,0,0,0,39.2,37,11,38,13,1,1,1,0,1,4,2.5,1.26Roberto Gomez,SF,5,0,0,0,9.1,20,8,8,1,0,1,0,0,0,0,7.71,2.25Ross Stripling,LAD,33,21,0,0,122,123,41,136,22,18,8,6,0,0,3,3.02,1.19Rowan Wick,SD,10,0,0,0,8.1,13,6,7,1,1,0,1,0,0,0,6.48,1.68Ryan Madson,WAS,49,0,0,0,44.1,48,26,41,15,6,2,5,4,3,14,5.28,1.42Ryan Madson,LAD,9,0,0,0,8.1,10,6,13,1,1,0,0,0,1,0,6.48,1.32Ryan Sherriff,STL,5,0,0,0,5.2,8,4,3,2,1,0,0,0,0,1,6.35,1.76Sal Romano,CIN,39,25,0,0,145.2,155,86,105,53,23,8,11,0,0,2,5.31,1.43Sam Dyson,SF,74,0,0,0,70.1,56,21,56,20,5,4,3,3,5,15,2.69,1.08Sam Freeman,ATL,63,0,0,0,50.1,41,24,58,32,3,3,5,0,3,9,4.29,1.45Sam Howard,COL,4,0,0,0,4,5,1,1,3,0,0,0,0,0,0,2.25,2Sam Tuivailala,STL,31,0,0,0,31.2,35,13,26,11,3,3,3,0,0,4,3.69,1.45Sammy Solis,WAS,56,0,0,0,39.1,43,28,44,18,7,1,2,0,4,13,6.41,1.55Sandy Alcantara,MIA,6,6,0,0,34,25,13,30,23,3,2,3,0,0,0,3.44,1.41Scott Alexander,LAD,73,1,0,0,66,57,27,56,27,4,2,1,3,3,21,3.68,1.27Scott Copeland,NYM,1,0,0,0,1.1,1,0,2,0,0,0,0,0,0,0,0,0.75Scott Oberg,COL,56,0,0,0,58.2,45,16,57,12,4,8,1,0,4,14,2.45,0.97Sean Doolittle,WAS,43,0,0,0,45,21,8,60,6,3,3,3,25,1,1,1.6,0.6Sean Newcomb,ATL,31,30,0,0,164,137,71,160,81,18,12,9,0,0,0,3.9,1.33Seranthony Dominguez,PHI,53,0,0,0,58,32,19,74,22,4,2,5,16,4,14,2.95,0.93Seth Lugo,NYM,54,5,0,0,101.1,81,30,103,28,9,3,4,3,1,11,2.66,1.08Seung Hwan Oh,COL,25,0,0,0,21.1,15,6,24,7,3,2,0,1,3,8,2.53,1.03Shane Carle,ATL,53,0,0,0,63,50,20,43,27,2,4,1,1,1,14,2.86,1.22Shawn Kelley,WAS,35,0,0,0,32.1,26,12,32,5,7,1,0,0,1,1,3.34,0.96Shelby Miller,ARI,5,4,0,0,16,24,19,19,8,5,0,4,0,0,1,10.69,2Silvino Bracho,ARI,31,0,0,0,31,25,11,34,12,2,2,0,0,4,2,3.19,1.19Stephen Strasburg,WAS,22,22,0,0,130,118,54,156,38,18,10,7,0,0,0,3.74,1.2Steve Cishek,CHC,80,0,0,0,70.1,45,17,78,28,5,4,3,4,3,25,2.18,1.04Steven Brault,PIT,45,5,0,0,91.2,84,47,82,57,10,6,3,0,0,3,4.61,1.54Steven Matz,NYM,30,30,0,0,154,134,68,152,58,25,5,11,0,0,0,3.97,1.25Steven Okert,SF,10,0,0,0,7.1,4,1,8,0,1,0,0,0,0,0,1.23,0.55T.J. McFarland,ARI,47,0,0,0,72,64,16,42,22,4,2,2,1,0,1,2,1.19Taijuan Walker,ARI,3,3,0,0,13,15,5,9,5,1,0,0,0,0,0,3.46,1.54Tanner Anderson,PIT,6,0,0,0,11.1,15,8,6,8,1,1,0,0,0,0,6.35,2.03Tanner Rainey,CIN,8,0,0,0,7,13,19,7,12,4,0,0,0,0,0,24.43,3.57Tanner Roark,WAS,31,30,0,0,180.1,181,87,146,50,24,9,15,0,0,0,4.34,1.28Taylor Williams,MIL,56,0,0,0,53,53,25,57,25,6,1,3,0,1,4,4.25,1.47Tayron Guerrero,MIA,60,0,0,0,58,64,35,68,30,8,1,3,0,4,9,5.43,1.62Tim Collins,WAS,38,0,0,0,22.2,23,11,21,12,5,0,0,0,0,4,4.37,1.54Tim Peterson,NYM,22,0,0,0,27.2,29,19,25,5,8,2,2,0,0,3,6.18,1.23Tommy Hunter,PHI,65,0,0,0,64,65,27,51,15,6,5,4,4,2,25,3.8,1.25Tommy Milone,WAS,5,4,0,0,26.1,37,17,23,1,7,1,1,0,0,0,5.81,1.44Tony Cingrani,LAD,30,0,0,0,22.2,19,12,36,6,2,1,2,0,2,11,4.76,1.1Tony Watson,SF,72,0,0,0,66,54,19,72,14,4,4,6,0,4,32,2.59,1.03Touki Toussaint,ATL,7,5,0,0,29,18,13,32,21,1,2,1,0,0,0,4.03,1.34Trevor Gott,WAS,20,0,0,0,19,19,12,15,10,4,0,2,0,0,2,5.68,1.53Trevor Richards,MIA,25,25,0,0,126.1,121,62,130,54,15,4,9,0,0,0,4.42,1.39Trevor Williams,PIT,31,31,1,1,170.2,146,59,126,55,15,14,10,0,0,0,3.11,1.18Trey Wingenter,SD,22,0,0,0,19,13,8,27,11,3,0,0,0,2,5,3.79,1.26Troy Scribner,ARI,1,1,0,0,3.2,4,2,4,6,0,0,1,0,0,0,4.91,2.73Ty Blach,SF,47,13,0,0,118.2,133,56,75,41,8,6,7,0,0,3,4.25,1.47Tyler Anderson,COL,32,32,0,0,176,165,89,164,59,30,7,9,0,0,0,4.55,1.27Tyler Bashlor,NYM,24,0,0,0,32,26,15,25,12,6,0,3,0,0,0,4.22,1.19Tyler Beede,SF,2,2,0,0,7.2,9,7,9,8,0,0,1,0,0,0,8.22,2.22Tyler Chatwood,CHC,24,20,0,0,103.2,92,61,85,95,9,4,6,0,0,0,5.3,1.8Tyler Cloyd,MIA,7,0,0,0,17.2,25,17,13,10,3,0,0,0,0,0,8.66,1.98Tyler Glasnow,PIT,34,0,0,0,56,47,27,72,34,5,1,2,0,0,4,4.34,1.45Tyler Kinley,MIA,9,0,0,0,7.2,6,6,9,4,0,0,0,0,0,0,7.04,1.3Tyler Lyons,STL,27,0,0,0,16.2,24,16,19,8,3,1,0,0,2,9,8.64,1.92Tyler Mahle,CIN,23,23,0,0,112,125,62,110,53,22,7,9,0,0,0,4.98,1.59Tyler Webb STL,STL,18,0,0,0,15.1,16,3,11,6,1,0,0,0,0,0,1.76,1.43Tyler Webb SD,SD,4,0,0,0,5,6,7,4,3,2,0,1,0,0,0,12.6,1.8Tyson Ross SD,SD,22,22,0,0,123.1,112,61,107,52,16,6,9,0,0,0,4.45,1.33Tyson Ross STL,STL,9,1,0,0,26.1,20,8,15,10,1,2,0,0,0,0,2.73,1.14Victor Arano,PHI,60,0,0,0,59.1,54,18,60,17,6,1,2,3,2,10,2.73,1.2Vince Velasquez,PHI,31,30,0,0,146.2,138,79,161,59,16,9,12,0,0,0,4.85,1.34Wade Davis,COL,69,0,0,0,65.1,43,30,78,26,8,3,6,43,6,0,4.13,1.06Wade Miley,MIL,16,16,0,0,80.2,71,23,50,27,3,5,2,0,0,0,2.57,1.21Walker Buehler,LAD,24,23,0,0,137.1,95,40,151,37,12,8,5,0,1,0,2.62,0.96Walker Lockett,SD,4,3,0,0,15,22,16,12,10,4,0,3,0,0,0,9.6,2.13Wander Suero,WAS,40,0,0,0,47.2,43,19,47,15,4,4,1,0,0,2,3.59,1.22Wandy Peralta,CIN,59,0,0,0,45.1,58,27,31,31,2,2,2,0,0,7,5.36,1.96Wei-Yin Chen,MIA,26,26,0,0,133.1,131,71,111,47,19,6,12,0,0,0,4.79,1.34Wes Parsons,ATL,1,0,0,0,5,6,4,3,3,1,0,1,0,0,0,7.2,1.8Will Smith,SF,54,0,0,0,53,37,15,71,15,3,2,3,14,4,6,2.55,0.98Wilmer Font,LAD,6,0,0,0,10.1,18,13,7,1,5,0,2,0,1,0,11.32,1.84Xavier Cedeno,MIL,15,0,0,0,8,7,1,6,3,0,0,0,0,0,4,1.13,1.25Yacksel Rios,PHI,36,0,0,0,36,43,27,36,15,6,3,2,0,0,2,6.75,1.61Yency Almonte,COL,14,0,0,0,14.2,15,3,14,4,1,0,0,0,0,3,1.84,1.3Yimi Garcia,LAD,25,0,0,0,22.1,29,14,19,4,7,1,2,0,1,2,5.64,1.48Yoan Lopez,ARI,10,0,0,0,9,7,3,11,1,2,0,0,0,0,1,3,0.89Yoshihisa Hirano,ARI,75,0,0,0,66.1,49,18,59,23,6,4,3,3,4,32,2.44,1.09Yovani Gallardo,CIN,3,0,0,0,2.1,8,8,2,4,1,0,0,0,0,0,30.86,5.14Yu Darvish,CHC,8,8,0,0,40,36,22,49,21,7,1,3,0,0,0,4.95,1.43Zac Curtis,PHI,7,0,0,0,9.2,6,2,10,10,0,0,0,0,0,0,1.86,1.66Zac Rosscup,LAD,17,0,0,0,11.1,9,6,20,4,3,0,1,0,1,1,4.76,1.15Zach Davies,MIL,13,13,0,0,66,67,35,49,21,8,2,7,0,0,0,4.77,1.33Zach Eflin,PHI,24,24,0,0,128,130,62,123,37,16,11,8,0,0,0,4.36,1.3Zach Neal,LAD,1,0,0,0,1,2,1,0,0,1,0,0,0,0,0,9,2Zack Godley,ARI,33,32,0,0,178.1,177,94,185,81,16,15,11,0,0,0,4.74,1.45Zack Greinke,ARI,33,33,0,0,207.2,181,74,199,43,28,15,11,0,0,0,3.21,1.08Zack Wheeler,NYM,29,29,0,0,182.1,150,67,179,55,14,12,7,0,0,0,3.31,1.12